<?xml version="1.0" encoding="UTF-8"?>
<project-private xmlns="http://www.netbeans.org/ns/project-private/1">
    <editor-bookmarks xmlns="http://www.netbeans.org/ns/editor-bookmarks/2" lastBookmarkId="0"/>
    <open-files xmlns="http://www.netbeans.org/ns/projectui-open-files/2">
        <group>
            <file>file:/C:/Users/Heri%20Prasstio/Documents/NetBeansProjects/Employees/src/employees/FORMEmployees.java</file>
            <file>file:/C:/Users/Heri%20Prasstio/Documents/NetBeansProjects/Employees/src/employees/Config.java</file>
            <file>file:/C:/Users/Heri%20Prasstio/Documents/NetBeansProjects/Employees/src/employees/Employees.java</file>
            <file>file:/C:/Users/Heri%20Prasstio/Documents/NetBeansProjects/Employees/src/employees/DBUtilities.java</file>
            <file>file:/C:/Users/Heri%20Prasstio/Documents/NetBeansProjects/Employees/src/employees/ResultSetTableModel.java</file>
        </group>
    </open-files>
</project-private>
